job_id,published_date
6010052,2023-11-21T12:43:46.249Z
5462357,2023-11-21T12:42:40.953Z
6010113,2023-11-21T12:38:26.360Z
6010001,2023-11-21T12:38:01.884Z
6010026,2023-11-21T12:36:16.878Z
6009929,2023-11-21T12:35:29.434Z
6001777,2023-11-21T12:34:46.898Z
5997883,2023-11-21T12:30:54.499Z
6010051,2023-11-21T12:30:40.314Z
6008489,2023-11-21T12:28:17.923Z
6009968,2023-11-21T12:22:34.112Z
6009980,2023-11-21T12:21:50.733Z
6009924,2023-11-21T12:17:27.962Z
6008121,2023-11-21T12:10:46.347Z
6009887,2023-11-21T12:10:09.261Z
6009803,2023-11-21T12:07:54.471Z
6009820,2023-11-21T12:05:25.661Z
5882182,2023-11-21T12:00:53.338Z
5939389,2023-11-21T11:58:16.381Z
6002849,2023-11-21T11:54:15.546Z
6009778,2023-11-21T11:51:39.952Z
6005809,2023-11-21T11:49:37.190Z
6009659,2023-11-21T11:43:18.682Z
6004858,2023-11-21T11:42:55.042Z
6009717,2023-11-21T11:39:05.329Z
5897647,2023-11-21T11:37:26.159Z
6007500,2023-11-21T10:37:02.241Z
6009159,2023-11-21T02:32:57.509Z
6006413,2023-11-21T02:24:39.250Z
5937009,2023-11-21T02:04:26.549Z
6008583,2023-11-21T00:10:39.816Z
6008881,2023-11-20T23:28:25.831Z
6008833,2023-11-20T23:04:09.871Z
6008834,2023-11-20T22:55:13.904Z
6008716,2023-11-20T22:07:17.494Z
6008711,2023-11-20T22:07:11.830Z
5994561,2023-11-20T21:17:08.743Z
6008244,2023-11-20T20:52:53.178Z
6008439,2023-11-20T20:48:16.225Z
5884879,2023-11-20T20:46:57.563Z
6008414,2023-11-20T20:43:13.429Z
5930860,2023-11-20T20:34:51.842Z
6006604,2023-11-20T20:28:15.479Z
6006623,2023-11-20T20:26:21.974Z
6008314,2023-11-20T20:24:29.739Z
6008276,2023-11-20T20:16:30.197Z
6008146,2023-11-20T20:06:46.818Z
6008164,2023-11-20T20:05:01.729Z
6007696,2023-11-20T19:50:21.375Z
5994759,2023-11-20T19:44:39.041Z
5996250,2023-11-20T19:42:47.249Z
6008000,2023-11-20T19:34:25.331Z
6006615,2023-11-20T19:33:20.380Z
6008028,2023-11-20T19:31:55.706Z
6007914,2023-11-20T19:14:34.438Z
6007886,2023-11-20T19:07:40.131Z
6007800,2023-11-20T18:54:23.528Z
5995323,2023-11-20T18:45:52.490Z
5995091,2023-11-20T18:42:34.237Z
5982083,2023-11-20T18:37:53.586Z
6007701,2023-11-20T18:32:51.526Z
5936916,2023-11-20T18:31:01.868Z
5848018,2023-11-20T18:29:06.354Z
6007690,2023-11-20T18:26:24.557Z
5995928,2023-11-20T18:25:15.879Z
5937918,2023-11-20T18:23:01.439Z
5929895,2023-11-20T18:18:16.092Z
6007556,2023-11-20T18:04:25.115Z
6006824,2023-11-20T18:03:29.943Z
5400093,2023-11-20T17:58:53.207Z
5925928,2023-11-20T17:57:06.841Z
6000776,2023-11-20T17:56:58.765Z
6007411,2023-11-20T17:56:05.545Z
6006620,2023-11-20T17:55:42.697Z
6007503,2023-11-20T17:55:18.898Z
6006614,2023-11-20T17:54:07.227Z
5980674,2023-11-20T17:49:07.630Z
5801703,2023-11-20T17:40:41.064Z
6007394,2023-11-20T17:40:34.214Z
6006007,2023-11-20T17:32:21.616Z
6007299,2023-11-20T17:29:11.996Z
6004397,2023-11-20T17:28:12.685Z
6007369,2023-11-20T17:26:54.432Z
6007376,2023-11-20T17:26:06.309Z
6007110,2023-11-20T17:21:27.053Z
6007359,2023-11-20T17:20:53.687Z
5994700,2023-11-20T16:55:09.145Z
6002537,2023-11-20T16:54:13.324Z
6007081,2023-11-20T16:30:51.213Z
6007118,2023-11-20T16:29:25.223Z
6006990,2023-11-20T16:27:49.425Z
6006017,2023-11-20T16:23:48.742Z
6005874,2023-11-20T16:20:41.912Z
6007096,2023-11-20T16:14:09.414Z
6007066,2023-11-20T16:03:50.569Z
6007029,2023-11-20T15:54:39.496Z
6006975,2023-11-20T15:44:34.803Z
5541204,2023-11-20T15:18:09.526Z
6006811,2023-11-20T15:15:24.402Z
6006777,2023-11-20T15:10:21.300Z
6000869,2023-11-20T15:02:10.633Z
6006828,2023-11-20T14:56:54.112Z
6006742,2023-11-20T14:47:53.949Z
6006720,2023-11-20T14:38:23.608Z
6006723,2023-11-20T14:35:34.445Z
5739337,2023-11-20T14:34:06.337Z
5997752,2023-11-20T14:32:25.399Z
6001696,2023-11-20T14:31:48.031Z
6006651,2023-11-20T14:26:20.713Z
5963842,2023-11-20T14:23:02.565Z
5994084,2023-11-20T14:12:54.310Z
6001649,2023-11-20T14:09:02.325Z
6003479,2023-11-20T13:58:41.537Z
5935790,2023-11-20T13:58:09.630Z
5996040,2023-11-20T13:56:30.561Z
5812589,2023-11-20T13:49:42.439Z
6006253,2023-11-20T13:29:00.106Z
5998138,2023-11-20T13:25:41.244Z
6006399,2023-11-20T13:23:17.815Z
6006380,2023-11-20T13:13:47.587Z
6006193,2023-11-20T13:12:58.664Z
5551025,2023-11-20T13:10:34.158Z
6006321,2023-11-20T13:09:20.567Z
6006254,2023-11-20T13:08:53.240Z
5999141,2023-11-20T12:55:35.290Z
5963730,2023-11-20T12:54:57.525Z
5829315,2023-11-20T12:46:02.090Z
6004273,2023-11-20T12:42:53.284Z
6005368,2023-11-20T12:38:58.290Z
6005946,2023-11-20T12:34:03.050Z
6001957,2023-11-20T12:30:11.984Z
6001677,2023-11-20T12:27:14.558Z
6005847,2023-11-20T11:23:51.603Z
5993575,2023-11-20T11:14:15.245Z
5996868,2023-11-20T11:05:50.371Z
6005888,2023-11-20T11:04:37.628Z
5829771,2023-11-20T00:25:36.175Z
6008117,2023-11-20T19:45:18.861Z
6001645,2023-11-20T18:13:45.373Z
5913304,2023-11-20T14:44:02.870Z
6003699,2023-11-20T14:04:21.806Z
5997923,2023-11-21T11:45:24.596Z
6018329,2023-11-21T23:02:29.937Z
6018204,2023-11-21T23:01:46.633Z
6018232,2023-11-21T22:55:34.769Z
6013133,2023-11-21T22:44:25.219Z
6018093,2023-11-21T22:39:14.887Z
5971124,2023-11-21T22:21:33.150Z
6017783,2023-11-21T22:21:10.467Z
6017961,2023-11-21T22:14:30.698Z
6017649,2023-11-21T22:02:04.891Z
6017792,2023-11-21T21:58:19.508Z
5972397,2023-11-21T21:51:19.862Z
6017369,2023-11-21T21:46:53.161Z
6017664,2023-11-21T21:44:33.089Z
6015539,2023-11-21T21:43:27.580Z
6017534,2023-11-21T21:34:27.204Z
5797212,2023-11-21T21:33:33.400Z
5942498,2023-11-21T21:33:00.922Z
5994529,2023-11-21T21:32:57.768Z
6017511,2023-11-21T21:32:30.915Z
6017184,2023-11-21T21:22:57.831Z
5939118,2023-11-21T21:22:22.974Z
5996532,2023-11-21T21:17:47.167Z
5909021,2023-11-21T21:16:39.381Z
5995587,2023-11-21T21:14:52.647Z
6017234,2023-11-21T21:10:31.871Z
5874972,2023-11-21T21:07:12.417Z
5996502,2023-11-21T21:06:32.365Z
5981262,2023-11-21T21:06:10.370Z
5991653,2023-11-21T21:05:28.143Z
5997756,2023-11-21T20:59:35.109Z
6017144,2023-11-21T20:54:11.610Z
6017042,2023-11-21T20:53:16.773Z
5996897,2023-11-21T20:51:43.656Z
6016820,2023-11-21T20:46:06.720Z
6010751,2023-11-21T20:44:54.332Z
6011788,2023-11-21T20:33:12.487Z
5966997,2023-11-21T20:22:48.687Z
6016014,2023-11-21T20:19:30.202Z
6012761,2023-11-21T20:18:39.817Z
6003052,2023-11-21T20:17:40.843Z
6016338,2023-11-21T20:17:11.235Z
5937900,2023-11-21T20:16:34.934Z
6006506,2023-11-21T20:14:30.211Z
5985804,2023-11-21T20:13:12.273Z
6016535,2023-11-21T20:11:36.346Z
6016363,2023-11-21T20:11:10.480Z
5801708,2023-11-21T20:11:07.112Z
6016080,2023-11-21T20:10:21.344Z
6016355,2023-11-21T20:09:49.881Z
3768505,2023-11-21T20:07:35.944Z
5938141,2023-11-21T20:06:37.503Z
6016337,2023-11-21T20:04:57.207Z
6016351,2023-11-21T20:03:37.390Z
6016074,2023-11-21T20:02:57.894Z
6015897,2023-11-21T20:00:46.474Z
6016100,2023-11-21T20:00:38.389Z
6015787,2023-11-21T20:00:01.874Z
6016294,2023-11-21T19:58:14.818Z
6016097,2023-11-21T19:56:45.803Z
6016268,2023-11-21T19:54:50.461Z
5996814,2023-11-21T19:48:50.343Z
6016094,2023-11-21T19:47:41.542Z
5985248,2023-11-21T19:47:19.606Z
5980113,2023-11-21T19:45:56.207Z
5966265,2023-11-21T19:40:55.854Z
6015192,2023-11-21T19:40:40.318Z
6015559,2023-11-21T19:39:41.733Z
6015873,2023-11-21T19:38:50.664Z
6015567,2023-11-21T19:38:38.684Z
6016010,2023-11-21T19:37:35.693Z
6015442,2023-11-21T19:37:03.642Z
5898803,2023-11-21T19:36:58.993Z
6015587,2023-11-21T19:36:19.593Z
6015849,2023-11-21T19:35:10.737Z
5937874,2023-11-21T19:34:17.235Z
5921530,2023-11-21T19:28:10.039Z
5767780,2023-11-21T19:25:58.007Z
5928608,2023-11-21T19:25:38.441Z
6008916,2023-11-21T19:24:12.439Z
6015297,2023-11-21T19:20:59.607Z
6013591,2023-11-21T19:20:51.726Z
6015561,2023-11-21T19:18:47.934Z
6015621,2023-11-21T19:17:38.589Z
5935782,2023-11-21T19:17:20.242Z
5770054,2023-11-21T19:16:05.909Z
5969883,2023-11-21T19:13:27.670Z
6015541,2023-11-21T19:09:05.101Z
5926391,2023-11-21T19:08:59.493Z
6014650,2023-11-21T19:02:07.272Z
6015311,2023-11-21T19:00:14.956Z
6012875,2023-11-21T18:59:07.020Z
6015260,2023-11-21T18:57:18.563Z
5936004,2023-11-21T18:56:59.209Z
6015124,2023-11-21T18:56:32.583Z
5673232,2023-11-21T18:55:27.040Z
6015218,2023-11-21T18:53:20.195Z
6015083,2023-11-21T18:48:22.222Z
6008204,2023-11-21T18:45:35.965Z
6015003,2023-11-21T18:45:08.387Z
5755898,2023-11-21T18:40:15.835Z
5940100,2023-11-21T18:38:44.207Z
6014705,2023-11-21T18:38:31.527Z
6014557,2023-11-21T18:35:21.347Z
6014760,2023-11-21T18:34:51.982Z
5892888,2023-11-21T18:34:00.514Z
5907529,2023-11-21T18:33:26.806Z
6014796,2023-11-21T18:32:55.918Z
6013572,2023-11-21T18:23:25.145Z
6010305,2023-11-21T18:23:03.716Z
6014701,2023-11-21T18:22:10.743Z
5983380,2023-11-21T18:19:45.024Z
6014582,2023-11-21T18:17:27.500Z
6014275,2023-11-21T18:16:19.131Z
6014362,2023-11-21T18:15:56.959Z
6013964,2023-11-21T18:11:49.841Z
6014522,2023-11-21T18:09:58.679Z
6014399,2023-11-21T18:09:48.957Z
5999303,2023-11-21T18:06:07.263Z
5985033,2023-11-21T18:05:31.648Z
6014269,2023-11-21T18:03:19.462Z
6013956,2023-11-21T18:02:40.012Z
5985356,2023-11-21T18:00:07.082Z
5999304,2023-11-21T17:58:05.694Z
6014026,2023-11-21T17:57:20.739Z
6014271,2023-11-21T17:53:28.221Z
5994950,2023-11-21T17:52:10.917Z
5936542,2023-11-21T17:50:55.448Z
6014047,2023-11-21T17:50:35.841Z
5449434,2023-11-21T17:48:17.835Z
6014091,2023-11-21T17:45:29.680Z
6014004,2023-11-21T17:43:13.880Z
5938279,2023-11-21T17:42:48.912Z
6014060,2023-11-21T17:42:48.471Z
6013147,2023-11-21T17:42:38.081Z
6014039,2023-11-21T17:41:02.737Z
6010283,2023-11-21T17:38:05.444Z
6013993,2023-11-21T17:36:56.613Z
6013872,2023-11-21T17:35:33.686Z
6013830,2023-11-21T17:33:44.189Z
6013890,2023-11-21T17:33:40.361Z
6011681,2023-11-21T17:32:28.665Z
5685933,2023-11-21T17:30:21.481Z
6013715,2023-11-21T17:29:46.002Z
6012120,2023-11-21T17:25:50.271Z
6013174,2023-11-21T17:24:25.249Z
6013521,2023-11-21T17:23:48.151Z
5999465,2023-11-21T17:23:15.363Z
6013603,2023-11-21T17:21:25.090Z
5576805,2023-11-21T17:20:27.011Z
6013378,2023-11-21T17:19:14.595Z
5996886,2023-11-21T17:18:58.595Z
5766214,2023-11-21T17:17:34.296Z
5850105,2023-11-21T17:14:07.239Z
6011418,2023-11-21T17:13:09.668Z
6011865,2023-11-21T17:12:30.080Z
6013518,2023-11-21T17:08:02.780Z
5633183,2023-11-21T17:06:23.373Z
5633093,2023-11-21T17:04:23.273Z
6006441,2023-11-21T17:03:29.711Z
6013364,2023-11-21T17:02:56.140Z
6011489,2023-11-21T17:00:11.891Z
5722764,2023-11-21T16:59:41.067Z
5906909,2023-11-21T16:58:14.375Z
5997193,2023-11-21T16:57:23.340Z
5999639,2023-11-21T16:57:19.448Z
5803587,2023-11-21T16:55:44.099Z
6013126,2023-11-21T16:44:55.769Z
6013008,2023-11-21T16:35:20.406Z
6011660,2023-11-21T16:35:05.930Z
5937150,2023-11-21T16:35:04.531Z
6000626,2023-11-21T16:30:54.613Z
6012898,2023-11-21T16:28:25.155Z
6012900,2023-11-21T16:23:34.602Z
5803260,2023-11-21T16:22:51.253Z
6012622,2023-11-21T16:18:28.729Z
6012765,2023-11-21T16:16:58.553Z
6010323,2023-11-21T16:15:26.056Z
6002810,2023-11-21T16:10:38.712Z
5966260,2023-11-21T16:09:45.087Z
6012624,2023-11-21T16:04:51.918Z
5907276,2023-11-21T16:03:46.596Z
6012287,2023-11-21T16:00:49.118Z
6012591,2023-11-21T15:54:36.835Z
6012463,2023-11-21T15:47:09.591Z
5964244,2023-11-21T15:40:27.105Z
6003726,2023-11-21T15:39:03.187Z
6012237,2023-11-21T15:36:58.959Z
6012255,2023-11-21T15:36:36.040Z
5909898,2023-11-21T15:34:49.635Z
6004582,2023-11-21T15:34:13.680Z
6012239,2023-11-21T15:33:25.391Z
6012057,2023-11-21T15:30:45.053Z
5992746,2023-11-21T15:28:56.457Z
5907750,2023-11-21T15:26:44.252Z
5966284,2023-11-21T15:22:51.949Z
6007408,2023-11-21T15:16:22.441Z
5941391,2023-11-21T15:15:13.689Z
6012123,2023-11-21T15:14:53.826Z
6012114,2023-11-21T15:14:37.341Z
6005052,2023-11-21T15:10:47.900Z
5926381,2023-11-21T15:10:20.352Z
6007000,2023-11-21T15:10:09.277Z
6011879,2023-11-21T15:06:55.113Z
6011903,2023-11-21T15:03:36.803Z
5964281,2023-11-21T15:01:43.557Z
6011677,2023-11-21T14:59:42.074Z
6006466,2023-11-21T14:58:33.405Z
5894673,2023-11-21T14:57:23.299Z
6011685,2023-11-21T14:49:10.178Z
6011789,2023-11-21T14:48:31.679Z
6011625,2023-11-21T14:45:33.937Z
6011630,2023-11-21T14:45:11.446Z
6011421,2023-11-21T14:42:16.537Z
6010931,2023-11-21T14:37:47.161Z
5984403,2023-11-21T14:37:09.270Z
5810740,2023-11-21T14:34:02.115Z
6011434,2023-11-21T14:33:41.528Z
5939552,2023-11-21T14:32:16.728Z
6011205,2023-11-21T14:31:57.760Z
6010949,2023-11-21T14:22:51.380Z
6011213,2023-11-21T14:22:16.013Z
6011384,2023-11-21T14:22:02.530Z
6011162,2023-11-21T14:19:58.524Z
5994138,2023-11-21T14:18:29.806Z
6009816,2023-11-21T14:17:27.337Z
6007331,2023-11-21T14:16:31.632Z
6011152,2023-11-21T14:07:31.773Z
6010956,2023-11-21T14:06:26.444Z
6011035,2023-11-21T14:03:47.555Z
5986704,2023-11-21T14:03:25.842Z
6010906,2023-11-21T13:59:05.503Z
5965945,2023-11-21T13:58:50.631Z
5996318,2023-11-21T13:55:06.481Z
5984367,2023-11-21T13:53:41.302Z
6010610,2023-11-21T13:52:26.768Z
6010740,2023-11-21T13:50:02.127Z
6001153,2023-11-21T13:47:48.180Z
5997565,2023-11-21T13:44:40.120Z
6008153,2023-11-21T13:40:09.141Z
6010407,2023-11-21T13:38:39.735Z
6010683,2023-11-21T13:36:12.138Z
5998605,2023-11-21T13:35:01.634Z
5899222,2023-11-21T13:31:11.240Z
6002004,2023-11-21T13:30:48.818Z
6003351,2023-11-21T13:29:46.026Z
6010486,2023-11-21T13:28:30.428Z
6010408,2023-11-21T13:27:44.358Z
6010306,2023-11-21T13:26:16.175Z
5994556,2023-11-21T13:23:49.545Z
6010378,2023-11-21T13:20:19.523Z
5381879,2023-11-21T13:18:53.416Z
5898503,2023-11-21T13:17:58.087Z
6010430,2023-11-21T13:17:12.791Z
6005146,2023-11-21T13:14:17.832Z
6010316,2023-11-21T13:03:47.291Z
5999754,2023-11-21T12:59:32.724Z
6009735,2023-11-21T12:59:16.281Z
5925332,2023-11-21T12:58:58.222Z
6010239,2023-11-21T12:53:34.353Z
5983188,2023-11-21T12:52:40.453Z
5996872,2023-11-21T11:51:54.338Z
6003195,2023-11-21T11:10:44.455Z
6007547,2023-11-20T18:25:43.961Z
6006295,2023-11-20T12:58:47.148Z
5566408,2023-11-21T21:48:53.167Z
6016255,2023-11-21T20:08:56.907Z
6014311,2023-11-21T17:59:40.946Z
5986810,2023-11-21T17:41:30.320Z
5911432,2023-11-21T17:22:43.999Z
6013756,2023-11-21T17:22:02.667Z
6010581,2023-11-21T15:13:37.087Z
6010979,2023-11-21T14:57:32.673Z
5985306,2023-11-21T13:59:08.855Z
5985309,2023-11-21T13:55:41.265Z
6010700,2023-11-21T13:50:29.199Z
6004211,2023-11-21T12:50:59.573Z
6013523,2023-11-21T20:03:29.941Z
6016276,2023-11-21T19:58:35.157Z
6022200,2023-11-22T11:55:44.219Z
5894648,2023-11-22T11:52:21.458Z
6021837,2023-11-22T11:45:44.760Z
5680962,2023-11-22T11:45:31.286Z
6022080,2023-11-22T11:42:41.210Z
5894423,2023-11-22T11:40:46.879Z
6021534,2023-11-22T11:37:38.024Z
6022076,2023-11-22T11:37:15.037Z
6015050,2023-11-22T11:35:53.500Z
5673776,2023-11-22T11:33:43.831Z
6021833,2023-11-22T11:28:49.045Z
6021799,2023-11-22T11:24:26.348Z
6021805,2023-11-22T11:23:04.298Z
6021639,2023-11-22T11:02:55.584Z
5765000,2023-11-22T11:02:07.452Z
6021535,2023-11-22T10:59:27.542Z
6021511,2023-11-22T10:49:14.544Z
5997151,2023-11-22T01:53:15.517Z
6019050,2023-11-22T00:58:22.635Z
5999683,2023-11-22T00:42:05.944Z
6018746,2023-11-22T00:36:40.995Z
6018445,2023-11-21T23:19:15.161Z
5764109,2023-11-22T12:03:35.547Z
6017173,2023-11-22T12:03:08.551Z
6022015,2023-11-22T12:00:40.442Z
6022218,2023-11-22T12:00:15.799Z
6000962,2023-11-22T12:04:37.698Z
6019356,2023-11-22T01:27:55.455Z
6004379,2023-11-21T20:45:10.104Z
6014834,2023-11-21T18:49:28.761Z
6022194,2023-11-22T12:12:48.848Z
5812663,2023-11-22T12:08:51.585Z
6022110,2023-11-22T12:05:15.871Z
6022217,2023-11-22T12:04:01.511Z
6022207,2023-11-22T12:21:16.157Z
6022553,2023-11-22T12:34:22.061Z
6014572,2023-11-22T12:30:37.293Z
5939375,2023-11-22T12:30:22.420Z
6022399,2023-11-22T12:26:14.632Z
6015582,2023-11-22T12:25:47.382Z
6015896,2023-11-22T12:25:31.076Z
5997759,2023-11-22T12:22:02.166Z
6022801,2023-11-22T12:50:47.677Z
6022652,2023-11-22T12:50:20.362Z
6007170,2023-11-22T12:49:26.751Z
6008170,2023-11-22T12:46:31.347Z
5937760,2023-11-22T12:46:08.996Z
5927228,2023-11-22T12:42:39.777Z
6022730,2023-11-22T12:41:14.990Z
6022697,2023-11-22T12:40:15.208Z
6007775,2023-11-22T12:36:00.659Z
6011642,2023-11-21T14:45:39.735Z
6022717,2023-11-22T12:40:07.958Z
5965482,2023-11-22T19:24:48.488Z
5693256,2023-11-22T19:24:08.440Z
5965962,2023-11-22T19:21:30.881Z
6027462,2023-11-22T19:21:06.247Z
6027145,2023-11-22T19:21:00.675Z
6027380,2023-11-22T19:14:17.474Z
6022380,2023-11-22T19:12:11.454Z
6027184,2023-11-22T19:09:47.027Z
6006591,2023-11-22T19:09:41.362Z
6027285,2023-11-22T19:09:39.175Z
6012601,2023-11-22T19:09:22.149Z
6027297,2023-11-22T19:06:38.369Z
5999786,2023-11-22T19:05:44.432Z
6027156,2023-11-22T19:03:02.634Z
6002385,2023-11-22T18:56:05.899Z
6024721,2023-11-22T18:54:30.579Z
6008940,2023-11-22T18:54:02.410Z
6027089,2023-11-22T18:54:00.088Z
5894741,2023-11-22T18:46:57.395Z
6026699,2023-11-22T18:46:56.755Z
6026789,2023-11-22T18:45:43.423Z
6011702,2023-11-22T18:43:58.623Z
6026786,2023-11-22T18:43:21.879Z
6026819,2023-11-22T18:41:54.601Z
5998232,2023-11-22T18:41:00.431Z
6026950,2023-11-22T18:40:24.590Z
6017250,2023-11-22T18:40:03.200Z
6001242,2023-11-22T18:39:27.252Z
6022481,2023-11-22T18:38:30.382Z
5965195,2023-11-22T18:38:08.498Z
6026647,2023-11-22T18:37:58.393Z
6026910,2023-11-22T18:35:43.251Z
6026920,2023-11-22T18:35:28.946Z
6026791,2023-11-22T18:32:30.563Z
6026654,2023-11-22T18:23:29.128Z
6026548,2023-11-22T18:13:22.866Z
6026564,2023-11-22T18:12:30.266Z
6026367,2023-11-22T18:05:16.872Z
6026303,2023-11-22T18:03:14.331Z
6026414,2023-11-22T18:02:49.879Z
6026343,2023-11-22T17:59:23.961Z
6026150,2023-11-22T17:56:41.752Z
5815253,2023-11-22T17:52:52.889Z
6017386,2023-11-22T17:44:32.969Z
5702652,2023-11-22T17:38:26.594Z
6025902,2023-11-22T17:35:54.230Z
6025867,2023-11-22T17:28:21.081Z
6025722,2023-11-22T17:20:31.740Z
6025795,2023-11-22T17:17:42.081Z
5907884,2023-11-22T17:15:00.493Z
5401096,2023-11-22T17:14:35.378Z
5996711,2023-11-22T17:14:19.139Z
5940361,2023-11-22T17:12:24.626Z
6025596,2023-11-22T17:07:50.273Z
5751405,2023-11-22T16:56:52.022Z
5995553,2023-11-22T16:51:31.940Z
6025236,2023-11-22T16:45:04.186Z
6025275,2023-11-22T16:44:17.148Z
5974649,2023-11-22T16:39:43.934Z
6025412,2023-11-22T16:36:59.613Z
6024121,2023-11-22T16:35:19.923Z
5997097,2023-11-22T16:34:39.796Z
5996232,2023-11-22T16:22:45.160Z
6024980,2023-11-22T16:05:53.742Z
6024931,2023-11-22T15:55:08.996Z
5999378,2023-11-22T15:45:28.107Z
6024884,2023-11-22T15:39:01.864Z
6024753,2023-11-22T15:35:46.832Z
6024740,2023-11-22T15:32:30.133Z
6024742,2023-11-22T15:32:07.002Z
6022788,2023-11-22T15:25:24.854Z
6023105,2023-11-22T15:25:18.488Z
6023293,2023-11-22T15:24:01.631Z
6024685,2023-11-22T15:16:21.825Z
6024573,2023-11-22T15:07:45.139Z
6024481,2023-11-22T15:04:03.649Z
6003804,2023-11-22T15:01:32.636Z
6024369,2023-11-22T15:00:35.481Z
6024405,2023-11-22T14:56:11.850Z
6024422,2023-11-22T14:54:34.361Z
6022707,2023-11-22T14:50:55.978Z
6010730,2023-11-22T14:50:29.775Z
6024317,2023-11-22T14:49:33.478Z
6024013,2023-11-22T14:45:42.320Z
5915011,2023-11-22T14:45:23.588Z
6024133,2023-11-22T14:45:16.442Z
6024115,2023-11-22T14:42:13.388Z
6024131,2023-11-22T14:37:11.685Z
5968629,2023-11-22T14:35:53.838Z
5828996,2023-11-22T14:30:20.978Z
6024015,2023-11-22T14:21:45.171Z
6023992,2023-11-22T14:20:09.719Z
6023876,2023-11-22T14:18:08.870Z
6023986,2023-11-22T14:16:02.854Z
6023332,2023-11-22T14:13:10.782Z
5973116,2023-11-22T14:12:52.178Z
6023515,2023-11-22T14:10:56.607Z
5757621,2023-11-22T14:10:18.473Z
5879568,2023-11-22T14:06:08.149Z
6023715,2023-11-22T13:59:31.091Z
6023693,2023-11-22T13:57:36.897Z
6023428,2023-11-22T13:55:14.010Z
5794795,2023-11-22T13:53:51.882Z
5983040,2023-11-22T13:45:58.341Z
5912750,2023-11-22T13:45:54.560Z
5998391,2023-11-22T13:45:20.917Z
5983425,2023-11-22T13:44:45.513Z
6023535,2023-11-22T13:44:37.508Z
5611742,2023-11-22T13:43:26.049Z
6023517,2023-11-22T13:43:16.525Z
6023386,2023-11-22T13:36:56.294Z
6023292,2023-11-22T13:36:11.157Z
5963152,2023-11-22T13:33:40.108Z
6023269,2023-11-22T13:33:06.786Z
6023273,2023-11-22T13:30:51.008Z
6015042,2023-11-22T13:24:32.606Z
6002342,2023-11-22T13:21:14.440Z
6022778,2023-11-22T13:20:09.235Z
6023099,2023-11-22T13:17:33.412Z
6022706,2023-11-22T13:15:12.495Z
5665265,2023-11-22T13:14:00.221Z
6007354,2023-11-22T13:13:56.135Z
6023109,2023-11-22T13:12:23.908Z
6022794,2023-11-22T13:11:49.374Z
6007414,2023-11-22T13:11:41.505Z
6022665,2023-11-22T13:11:12.919Z
5750470,2023-11-22T13:08:34.623Z
6022899,2023-11-22T13:07:22.105Z
5994104,2023-11-22T13:05:38.701Z
6022826,2023-11-22T13:04:58.922Z
5929861,2023-11-22T13:04:41.111Z
6007295,2023-11-22T13:04:37.554Z
6022112,2023-11-22T13:03:19.207Z
6008308,2023-11-22T12:59:12.698Z
6003926,2023-11-22T12:58:37.381Z
6022813,2023-11-22T12:57:21.378Z
6022881,2023-11-22T12:56:36.057Z
6022223,2023-11-22T12:53:52.673Z
6022729,2023-11-22T12:52:01.017Z
5966866,2023-11-21T18:52:05.841Z
5966972,2023-11-21T18:40:00.760Z
5971990,2023-11-22T17:43:17.028Z
6010897,2023-11-22T15:11:42.306Z
5995398,2023-11-22T15:10:28.966Z
6003970,2023-11-22T19:22:18.426Z
6026003,2023-11-22T17:33:20.602Z
5732922,2023-11-22T14:41:28.257Z
6033302,2023-11-23T12:02:15.618Z
6030651,2023-11-23T12:00:26.302Z
6033273,2023-11-23T11:54:28.710Z
6033033,2023-11-23T11:51:34.533Z
6033149,2023-11-23T11:45:40.720Z
5891626,2023-11-23T11:44:23.211Z
6024387,2023-11-23T11:42:38.101Z
6033028,2023-11-23T11:41:38.134Z
6025874,2023-11-23T11:29:06.051Z
6017381,2023-11-23T11:25:22.623Z
6017287,2023-11-23T11:23:56.875Z
5988814,2023-11-23T11:14:45.770Z
6032871,2023-11-23T11:05:55.487Z
6016138,2023-11-23T10:42:13.702Z
6031190,2023-11-23T03:28:35.206Z
6031011,2023-11-23T02:37:20.390Z
6030731,2023-11-23T01:27:15.261Z
6019374,2023-11-22T23:22:04.917Z
6016096,2023-11-22T23:03:50.040Z
5941817,2023-11-22T22:25:22.566Z
5998527,2023-11-22T22:23:29.044Z
6029355,2023-11-22T22:09:44.086Z
5913297,2023-11-22T21:58:07.983Z
5939125,2023-11-22T21:47:14.691Z
6029297,2023-11-22T21:43:36.567Z
5984026,2023-11-22T21:38:32.744Z
6024460,2023-11-22T21:37:26.452Z
6028830,2023-11-22T21:33:14.719Z
6028799,2023-11-22T21:30:07.483Z
5856442,2023-11-22T21:29:46.511Z
5996845,2023-11-22T21:27:50.244Z
6028785,2023-11-22T21:26:35.035Z
6028671,2023-11-22T21:23:09.274Z
5766250,2023-11-22T21:22:45.445Z
6028158,2023-11-22T21:21:31.370Z
6029096,2023-11-22T21:18:46.196Z
6028470,2023-11-22T21:16:47.330Z
5882718,2023-11-22T21:14:58.577Z
6028345,2023-11-22T21:11:19.731Z
6005496,2023-11-22T21:08:55.084Z
6028256,2023-11-22T21:08:22.335Z
6028827,2023-11-22T21:06:45.660Z
6028803,2023-11-22T21:06:35.784Z
5994338,2023-11-22T21:03:41.057Z
6028413,2023-11-22T20:57:57.770Z
5880974,2023-11-22T20:57:50.401Z
6027829,2023-11-22T20:53:12.868Z
6026721,2023-11-22T20:52:32.901Z
6022305,2023-11-22T20:51:11.538Z
5937529,2023-11-22T20:49:11.029Z
5937006,2023-11-22T20:49:06.068Z
6028693,2023-11-22T20:47:48.412Z
6002504,2023-11-22T20:42:52.130Z
6018447,2023-11-22T20:40:02.884Z
6028468,2023-11-22T20:38:28.082Z
6028279,2023-11-22T20:38:14.553Z
6028313,2023-11-22T20:36:03.099Z
5881242,2023-11-22T20:35:01.596Z
6011846,2023-11-22T20:34:16.839Z
6022811,2023-11-22T20:32:51.798Z
6023252,2023-11-22T20:32:23.120Z
5854214,2023-11-22T20:32:17.408Z
6028398,2023-11-22T20:29:30.988Z
6028307,2023-11-22T20:28:36.162Z
5982005,2023-11-22T20:27:16.726Z
6028144,2023-11-22T20:25:23.964Z
6014308,2023-11-22T20:22:35.494Z
5997075,2023-11-22T20:22:15.112Z
6002698,2023-11-22T20:10:43.248Z
6027992,2023-11-22T20:06:30.810Z
6027866,2023-11-22T20:06:17.429Z
6027812,2023-11-22T20:03:27.697Z
6024452,2023-11-22T20:00:11.177Z
6024986,2023-11-22T19:53:50.928Z
5824067,2023-11-22T19:52:30.469Z
6027823,2023-11-22T19:51:50.678Z
6027792,2023-11-22T19:51:41.942Z
6026438,2023-11-22T19:48:44.078Z
6027591,2023-11-22T19:45:45.459Z
6027469,2023-11-22T19:45:45.107Z
6024684,2023-11-22T19:45:19.931Z
6027779,2023-11-22T19:45:16.231Z
6023957,2023-11-22T19:41:58.310Z
5957923,2023-11-22T19:37:28.141Z
6025583,2023-11-22T19:36:47.212Z
6027397,2023-11-22T19:36:42.846Z
5996429,2023-11-22T19:36:10.120Z
6024406,2023-11-22T19:35:04.051Z
5908361,2023-11-22T19:34:35.980Z
5978633,2023-11-22T19:32:54.382Z
5939884,2023-11-22T19:30:43.862Z
6027058,2023-11-22T19:20:16.563Z
6000033,2023-11-22T09:38:30.499Z
6032679,2023-11-23T10:51:14.101Z
6027702,2023-11-22T20:42:09.599Z
5982326,2023-11-22T16:40:30.885Z
5997674,2023-11-22T20:46:58.092Z
6022367,2023-11-23T19:03:54.324Z
6027970,2023-11-23T19:02:45.575Z
6027154,2023-11-23T19:00:38.677Z
6016958,2023-11-23T18:58:59.420Z
6006457,2023-11-23T18:57:57.394Z
5964040,2023-11-23T18:57:40.142Z
5993874,2023-11-23T18:55:49.551Z
6038702,2023-11-23T18:55:01.084Z
6016964,2023-11-23T18:52:21.570Z
6038635,2023-11-23T18:48:31.556Z
6017100,2023-11-23T18:46:52.147Z
5983147,2023-11-23T18:43:26.078Z
6016987,2023-11-23T18:43:26.028Z
6032997,2023-11-23T18:41:43.073Z
5586752,2023-11-23T18:39:11.866Z
6017163,2023-11-23T18:38:31.376Z
6038461,2023-11-23T18:37:20.818Z
6038520,2023-11-23T18:35:48.428Z
5679433,2023-11-23T18:31:49.320Z
6016814,2023-11-23T18:31:34.659Z
5980079,2023-11-23T18:30:03.872Z
6002180,2023-11-23T18:24:45.304Z
6016591,2023-11-23T18:22:38.253Z
6038113,2023-11-23T18:19:09.419Z
6014515,2023-11-23T18:16:08.702Z
6011017,2023-11-23T18:15:25.947Z
5881854,2023-11-23T18:14:31.209Z
6004739,2023-11-23T18:12:55.911Z
5744172,2023-11-23T18:12:28.692Z
6037496,2023-11-23T18:12:00.351Z
5981385,2023-11-23T18:02:43.988Z
6004968,2023-11-23T18:00:24.590Z
6037963,2023-11-23T17:57:54.930Z
5621107,2023-11-23T17:56:29.953Z
6014317,2023-11-23T17:56:04.717Z
6037904,2023-11-23T17:55:00.956Z
6037913,2023-11-23T17:54:26.484Z
6004874,2023-11-23T17:53:55.449Z
6002206,2023-11-23T17:51:11.599Z
6037792,2023-11-23T17:49:49.862Z
6027410,2023-11-23T17:49:14.798Z
5735428,2023-11-23T17:46:43.712Z
6037747,2023-11-23T17:45:19.433Z
6037689,2023-11-23T17:41:52.482Z
6037356,2023-11-23T17:38:53.466Z
6036798,2023-11-23T17:37:40.043Z
5997788,2023-11-23T17:33:56.922Z
5995209,2023-11-23T17:30:47.733Z
5998229,2023-11-23T17:29:31.060Z
6009880,2023-11-23T17:29:08.572Z
6024425,2023-11-23T17:26:22.959Z
6035825,2023-11-23T17:22:52.935Z
6037358,2023-11-23T17:22:43.573Z
6022689,2023-11-23T17:20:27.271Z
6034098,2023-11-23T17:19:54.632Z
6029658,2023-11-23T17:19:42.539Z
6036803,2023-11-23T17:16:39.822Z
6036049,2023-11-23T17:15:04.046Z
5884052,2023-11-23T17:11:33.403Z
6028370,2023-11-23T17:03:56.339Z
6017171,2023-11-23T17:02:29.495Z
6017333,2023-11-23T17:02:19.661Z
6017366,2023-11-23T17:00:45.606Z
6017188,2023-11-23T16:59:10.764Z
5634938,2023-11-23T16:57:57.850Z
6037107,2023-11-23T16:54:55.390Z
6036893,2023-11-23T16:54:08.656Z
6017193,2023-11-23T16:53:28.758Z
6036753,2023-11-23T16:53:13.594Z
6010747,2023-11-23T16:41:04.948Z
6013862,2023-11-23T16:38:59.597Z
5995059,2023-11-23T16:38:20.467Z
6023713,2023-11-23T16:30:16.174Z
5997250,2023-11-23T16:28:23.400Z
5999543,2023-11-23T16:27:21.576Z
5997589,2023-11-23T16:20:08.834Z
6023307,2023-11-23T16:12:43.978Z
6036156,2023-11-23T15:56:24.908Z
6036372,2023-11-23T15:52:19.823Z
6036373,2023-11-23T15:49:50.348Z
6036155,2023-11-23T15:46:37.983Z
6017354,2023-11-23T15:46:34.873Z
6017179,2023-11-23T15:45:40.314Z
5965516,2023-11-23T15:36:44.127Z
6010187,2023-11-23T15:36:37.978Z
6025557,2023-11-23T15:33:04.271Z
6035971,2023-11-23T15:15:16.776Z
5896911,2023-11-23T15:07:19.289Z
6022479,2023-11-23T15:06:05.678Z
6032887,2023-11-23T14:59:32.029Z
6035529,2023-11-23T14:58:31.023Z
6034826,2023-11-23T14:57:28.310Z
6035403,2023-11-23T14:56:07.141Z
5996633,2023-11-23T14:55:18.500Z
6025183,2023-11-23T14:53:52.931Z
5982105,2023-11-23T14:49:31.563Z
6033291,2023-11-23T14:45:35.994Z
6025929,2023-11-23T14:38:14.852Z
6029086,2023-11-23T14:37:31.411Z
6035282,2023-11-23T14:35:13.571Z
6035307,2023-11-23T14:34:14.160Z
6003164,2023-11-23T14:29:28.676Z
6025872,2023-11-23T14:25:59.748Z
6034818,2023-11-23T14:24:52.175Z
5973940,2023-11-23T14:22:53.636Z
5998534,2023-11-23T14:22:44.748Z
5929115,2023-11-23T14:21:52.377Z
5877910,2023-11-23T14:20:48.686Z
6035060,2023-11-23T14:19:57.475Z
5998773,2023-11-23T14:18:53.910Z
6035136,2023-11-23T14:18:34.118Z
6034833,2023-11-23T14:10:31.353Z
6035056,2023-11-23T14:08:09.709Z
6034920,2023-11-23T14:03:16.770Z
6034885,2023-11-23T14:02:49.764Z
6034609,2023-11-23T13:53:55.959Z
6034808,2023-11-23T13:53:34.906Z
6033980,2023-11-23T13:50:39.194Z
6026545,2023-11-23T13:49:31.203Z
6023142,2023-11-23T13:49:24.976Z
6026691,2023-11-23T13:47:34.746Z
6026991,2023-11-23T13:45:46.727Z
6033845,2023-11-23T13:37:23.208Z
6033495,2023-11-23T13:35:26.403Z
6026822,2023-11-23T13:33:26.950Z
6034069,2023-11-23T13:29:25.562Z
6033994,2023-11-23T13:27:04.511Z
5995360,2023-11-23T13:24:50.752Z
6003786,2023-11-23T13:24:13.423Z
6033836,2023-11-23T13:24:04.809Z
6033941,2023-11-23T13:23:59.475Z
6033637,2023-11-23T13:08:16.897Z
5930512,2023-11-23T13:07:10.546Z
6033815,2023-11-23T13:05:12.420Z
5913568,2023-11-23T13:02:04.605Z
5830264,2023-11-23T12:59:52.050Z
5963537,2023-11-23T12:57:59.737Z
6033971,2023-11-23T12:57:11.327Z
6022690,2023-11-23T12:56:00.817Z
6016610,2023-11-23T12:55:54.247Z
5972707,2023-11-23T12:55:25.490Z
5930332,2023-11-23T12:51:15.062Z
5462295,2023-11-23T12:50:48.617Z
5994053,2023-11-23T12:47:14.862Z
6033793,2023-11-23T12:45:58.846Z
6033812,2023-11-23T12:41:57.180Z
5462009,2023-11-23T12:40:36.206Z
6033803,2023-11-23T12:39:21.174Z
6033622,2023-11-23T12:38:50.961Z
6033789,2023-11-23T12:38:36.680Z
5908904,2023-11-23T12:37:47.507Z
6010744,2023-11-23T12:37:18.673Z
6033465,2023-11-23T12:33:18.417Z
5685997,2023-11-23T12:29:38.165Z
6033330,2023-11-23T12:27:34.276Z
5763124,2023-11-23T12:25:30.138Z
6023849,2023-11-23T12:24:36.617Z
5995394,2023-11-23T12:23:40.562Z
5921587,2023-11-23T12:22:44.986Z
6033380,2023-11-23T12:22:06.191Z
6033453,2023-11-23T12:20:33.168Z
6027490,2023-11-23T12:17:12.159Z
6033436,2023-11-23T12:12:54.348Z
6026188,2023-11-22T20:20:47.565Z
5258147,2023-11-22T19:01:08.880Z
6038150,2023-11-23T18:41:09.731Z
5794978,2023-11-23T18:10:05.217Z
6037652,2023-11-23T17:37:32.148Z
6035846,2023-11-23T15:05:20.966Z
5665411,2023-11-23T14:52:44.363Z
6034814,2023-11-23T13:50:57.470Z
6034720,2023-11-23T13:46:24.735Z
6034576,2023-11-23T13:41:22.475Z
6034460,2023-11-23T13:32:45.205Z
6034298,2023-11-23T13:18:23.468Z
6013535,2023-11-23T12:25:51.875Z
6029724,2023-11-23T16:50:09.642Z
6034377,2023-11-23T13:25:49.504Z
6033587,2023-11-23T12:23:18.608Z
6028805,2023-11-24T10:25:12.524Z
6042169,2023-11-24T01:47:42.323Z
5964288,2023-11-24T00:37:12.828Z
6038880,2023-11-24T00:17:34.580Z
6035114,2023-11-24T00:03:22.916Z
6041554,2023-11-23T23:28:19.946Z
6041466,2023-11-23T23:18:05.855Z
6009584,2023-11-23T23:02:14.078Z
5985408,2023-11-23T23:00:40.036Z
6022424,2023-11-23T22:24:41.663Z
6041037,2023-11-23T22:23:53.350Z
6040912,2023-11-23T22:13:31.605Z
5995711,2023-11-23T22:12:34.956Z
6025774,2023-11-23T22:06:54.566Z
6041004,2023-11-23T22:01:46.254Z
6026291,2023-11-23T21:59:36.601Z
6040898,2023-11-23T21:51:04.610Z
6040608,2023-11-23T21:47:05.750Z
6040840,2023-11-23T21:44:55.216Z
6040884,2023-11-23T21:40:44.123Z
6037467,2023-11-23T21:35:27.297Z
6040792,2023-11-23T21:35:03.072Z
6040349,2023-11-23T21:34:27.332Z
6034170,2023-11-23T21:19:24.807Z
6040596,2023-11-23T21:16:29.036Z
6040546,2023-11-23T21:16:11.208Z
6040611,2023-11-23T21:15:10.230Z
6025622,2023-11-23T21:14:09.832Z
6040252,2023-11-23T21:11:56.925Z
6040303,2023-11-23T21:11:03.316Z
6038261,2023-11-23T21:10:18.127Z
6038172,2023-11-23T21:09:04.777Z
6033851,2023-11-23T21:07:20.773Z
6040461,2023-11-23T21:05:02.657Z
6038885,2023-11-23T21:01:29.120Z
6040435,2023-11-23T21:01:25.439Z
5582969,2023-11-23T20:59:56.719Z
6040280,2023-11-23T20:57:05.630Z
6040336,2023-11-23T20:55:10.316Z
6028762,2023-11-23T20:54:13.409Z
6040343,2023-11-23T20:54:10.216Z
6040250,2023-11-23T20:53:01.595Z
6040174,2023-11-23T20:52:50.319Z
6040128,2023-11-23T20:51:47.722Z
6022502,2023-11-23T20:48:54.082Z
6040323,2023-11-23T20:46:06.202Z
6036772,2023-11-23T20:46:04.661Z
6039931,2023-11-23T20:45:30.783Z
6039962,2023-11-23T20:45:08.181Z
6040306,2023-11-23T20:45:02.629Z
6040268,2023-11-23T20:42:48.707Z
6040094,2023-11-23T20:42:46.876Z
6040251,2023-11-23T20:37:57.634Z
6039802,2023-11-23T20:36:40.509Z
6040144,2023-11-23T20:34:43.384Z
6023216,2023-11-23T20:32:11.631Z
6038004,2023-11-23T20:31:56.410Z
6035398,2023-11-23T20:30:30.866Z
6033850,2023-11-23T20:28:09.241Z
6039972,2023-11-23T20:27:35.773Z
6039744,2023-11-23T20:23:11.637Z
6015608,2023-11-23T20:22:23.096Z
6039955,2023-11-23T20:17:23.907Z
6039902,2023-11-23T20:15:55.603Z
6039722,2023-11-23T20:12:23.932Z
6010013,2023-11-23T20:09:40.067Z
6039299,2023-11-23T20:09:00.726Z
6014103,2023-11-23T20:07:24.229Z
5882710,2023-11-23T19:59:23.588Z
6039567,2023-11-23T19:58:47.275Z
6010345,2023-11-23T19:56:21.919Z
6003508,2023-11-23T19:54:57.178Z
6032677,2023-11-23T19:53:16.890Z
6039556,2023-11-23T19:52:33.628Z
6039356,2023-11-23T19:51:15.459Z
6028879,2023-11-23T19:49:35.937Z
6003556,2023-11-23T19:47:12.079Z
6028840,2023-11-23T19:46:17.115Z
6026190,2023-11-23T19:45:00.282Z
6039321,2023-11-23T19:39:49.587Z
5995121,2023-11-23T19:38:20.004Z
6001958,2023-11-23T19:37:05.484Z
5814658,2023-11-23T19:36:46.599Z
5614005,2023-11-23T19:36:00.575Z
6039337,2023-11-23T19:35:01.128Z
6027023,2023-11-23T19:34:25.706Z
6039131,2023-11-23T19:33:06.917Z
6039342,2023-11-23T19:31:13.641Z
6039110,2023-11-23T19:28:50.555Z
6038945,2023-11-23T19:26:03.160Z
6039136,2023-11-23T19:24:16.515Z
6038585,2023-11-23T19:24:14.349Z
6027387,2023-11-23T19:20:12.218Z
6023507,2023-11-23T19:19:52.303Z
5978646,2023-11-23T19:19:45.055Z
6015756,2023-11-23T19:17:24.792Z
6039053,2023-11-23T19:14:48.982Z
6027557,2023-11-23T19:13:10.448Z
6037720,2023-11-23T19:12:50.144Z
6039041,2023-11-23T19:09:51.068Z
6038005,2023-11-23T19:09:17.476Z
6039058,2023-11-23T19:09:16.727Z
6039046,2023-11-23T19:07:59.802Z
6017005,2023-11-23T19:07:50.695Z
6034893,2023-11-23T14:11:05.019Z
6039897,2023-11-23T21:38:58.194Z
5922129,2023-11-23T20:00:01.478Z
6039555,2023-11-23T19:59:00.371Z
5922317,2023-11-23T19:50:14.971Z
6038498,2023-11-23T19:35:02.326Z
6039966,2023-11-23T20:45:56.147Z
6038947,2023-11-23T19:17:01.716Z
6016486,2023-11-24T12:11:20.179Z
6044436,2023-11-24T12:06:53.419Z
6039910,2023-11-24T12:03:24.100Z
6001771,2023-11-24T11:56:54.718Z
6044282,2023-11-24T11:49:31.642Z
6044056,2023-11-24T11:21:06.647Z
6044039,2023-11-24T11:17:05.517Z
6043756,2023-11-24T10:55:42.016Z
6044099,2023-11-24T11:35:01.668Z
6033410,2023-11-23T12:13:43.438Z
6033287,2023-11-23T12:02:43.525Z
6049575,2023-11-24T19:51:46.834Z
5986358,2023-11-24T19:50:49.354Z
6049337,2023-11-24T19:50:19.410Z
6048970,2023-11-24T19:46:24.622Z
5685834,2023-11-24T19:42:24.920Z
6049415,2023-11-24T19:42:09.767Z
6049238,2023-11-24T19:41:41.380Z
5814817,2023-11-24T19:40:11.290Z
6045951,2023-11-24T19:39:49.116Z
5969581,2023-11-24T19:39:20.276Z
6044351,2023-11-24T19:37:03.217Z
6049341,2023-11-24T19:34:07.607Z
6049210,2023-11-24T19:33:55.023Z
6049315,2023-11-24T19:32:22.026Z
6049061,2023-11-24T19:29:40.653Z
6049276,2023-11-24T19:24:14.706Z
6048310,2023-11-24T19:21:15.565Z
6049251,2023-11-24T19:20:24.341Z
5856478,2023-11-24T19:17:56.110Z
6014613,2023-11-24T19:15:41.926Z
6039781,2023-11-24T19:14:34.672Z
6049181,2023-11-24T19:11:51.244Z
6049167,2023-11-24T19:10:28.705Z
6048622,2023-11-24T19:07:52.609Z
5994114,2023-11-24T19:04:12.598Z
6013840,2023-11-24T19:03:47.110Z
6049027,2023-11-24T19:02:49.288Z
6038583,2023-11-24T18:58:59.832Z
6048912,2023-11-24T18:58:33.820Z
5754803,2023-11-24T18:56:26.852Z
5966904,2023-11-24T18:51:19.997Z
6048810,2023-11-24T18:51:14.195Z
6048829,2023-11-24T18:49:58.011Z
6048898,2023-11-24T18:49:08.549Z
6048877,2023-11-24T18:45:20.458Z
5922979,2023-11-24T18:44:44.793Z
6048682,2023-11-24T18:44:16.063Z
6048804,2023-11-24T18:43:44.378Z
6048857,2023-11-24T18:43:10.455Z
6048818,2023-11-24T18:41:51.320Z
6010257,2023-11-24T18:33:44.441Z
6048626,2023-11-24T18:32:26.510Z
6048467,2023-11-24T18:29:59.695Z
6041022,2023-11-24T18:29:27.463Z
6048643,2023-11-24T18:26:54.082Z
5972509,2023-11-24T18:25:41.395Z
6019373,2023-11-24T18:25:32.981Z
5998071,2023-11-24T18:24:42.501Z
6048500,2023-11-24T18:16:03.660Z
5996207,2023-11-24T18:08:51.380Z
6022858,2023-11-24T18:07:25.288Z
6037232,2023-11-24T18:04:22.592Z
6033951,2023-11-24T18:02:51.006Z
6048189,2023-11-24T18:02:28.724Z
6048263,2023-11-24T17:59:19.530Z
6022784,2023-11-24T17:57:51.599Z
6048217,2023-11-24T17:56:41.483Z
6002800,2023-11-24T17:49:45.857Z
6047956,2023-11-24T17:49:44.582Z
5997790,2023-11-24T17:47:14.059Z
6047931,2023-11-24T17:45:39.257Z
6047938,2023-11-24T17:42:46.645Z
6017524,2023-11-24T17:42:06.699Z
6035972,2023-11-24T17:41:53.592Z
6048161,2023-11-24T17:41:04.417Z
6044823,2023-11-24T17:40:04.109Z
5409258,2023-11-24T17:37:24.583Z
6047676,2023-11-24T17:35:07.429Z
6047917,2023-11-24T17:35:05.599Z
6047878,2023-11-24T17:34:36.494Z
6048016,2023-11-24T17:34:26.878Z
6044944,2023-11-24T17:33:35.160Z
6034898,2023-11-24T17:28:52.182Z
6047954,2023-11-24T17:24:48.202Z
6047894,2023-11-24T17:17:15.192Z
6047838,2023-11-24T17:16:47.039Z
5980066,2023-11-24T17:16:15.413Z
6045042,2023-11-24T17:15:36.503Z
6047820,2023-11-24T17:14:56.623Z
6047689,2023-11-24T17:12:42.041Z
6047691,2023-11-24T17:11:11.297Z
5827818,2023-11-24T17:03:52.886Z
6047658,2023-11-24T17:01:10.601Z
6006368,2023-11-24T16:57:47.724Z
6047577,2023-11-24T16:49:33.267Z
6045643,2023-11-24T16:38:05.202Z
6047526,2023-11-24T16:36:23.362Z
6004520,2023-11-24T16:33:08.369Z
6018647,2023-11-24T16:29:41.281Z
6047374,2023-11-24T16:27:32.969Z
6026945,2023-11-24T16:11:25.462Z
6033497,2023-11-24T16:07:29.319Z
6047026,2023-11-24T15:54:02.431Z
6038495,2023-11-24T15:51:11.077Z
6035141,2023-11-24T15:48:21.616Z
6046943,2023-11-24T15:46:10.304Z
6046411,2023-11-24T15:24:05.129Z
5984441,2023-11-24T15:21:05.822Z
6046573,2023-11-24T15:17:24.813Z
5768631,2023-11-24T15:11:24.191Z
6046256,2023-11-24T15:04:45.845Z
6046223,2023-11-24T14:52:18.062Z
6046343,2023-11-24T14:50:19.758Z
6023924,2023-11-24T14:49:44.215Z
5964701,2023-11-24T14:49:02.870Z
5895256,2023-11-24T14:45:56.563Z
5673920,2023-11-24T14:45:09.593Z
6046095,2023-11-24T14:44:26.325Z
6045507,2023-11-24T14:42:09.291Z
6045513,2023-11-24T14:41:06.603Z
5741305,2023-11-24T14:41:03.413Z
5997635,2023-11-24T14:40:35.369Z
5759264,2023-11-24T14:38:49.591Z
5642050,2023-11-24T14:36:16.011Z
6046080,2023-11-24T14:34:10.966Z
6046110,2023-11-24T14:32:10.363Z
6046062,2023-11-24T14:26:32.783Z
6045700,2023-11-24T14:26:13.395Z
5911698,2023-11-24T14:24:56.310Z
6015830,2023-11-24T14:22:15.685Z
6046039,2023-11-24T14:21:47.895Z
6045809,2023-11-24T14:14:41.214Z
6045687,2023-11-24T14:13:56.853Z
6044357,2023-11-24T14:10:57.404Z
5696712,2023-11-24T14:09:40.149Z
5696054,2023-11-24T14:09:04.210Z
6045919,2023-11-24T14:07:06.800Z
6045824,2023-11-24T14:03:20.895Z
6045009,2023-11-24T13:57:32.579Z
6013176,2023-11-24T13:55:51.280Z
6045678,2023-11-24T13:54:18.692Z
6045619,2023-11-24T13:49:50.656Z
6044102,2023-11-24T13:45:15.534Z
6045165,2023-11-24T13:44:43.450Z
5897627,2023-11-24T13:43:50.777Z
6045656,2023-11-24T13:43:47.240Z
5743264,2023-11-24T13:43:40.953Z
5770754,2023-11-24T13:41:14.668Z
6040790,2023-11-24T13:37:39.278Z
6011423,2023-11-24T13:35:27.688Z
6027727,2023-11-24T13:32:21.944Z
6045468,2023-11-24T13:32:08.269Z
6045440,2023-11-24T13:31:00.381Z
6009548,2023-11-24T13:25:44.965Z
6045337,2023-11-24T13:21:50.478Z
6033982,2023-11-24T13:21:43.630Z
5672443,2023-11-24T13:21:00.183Z
6024567,2023-11-24T13:18:54.511Z
6045131,2023-11-24T13:00:57.667Z
6045090,2023-11-24T12:59:33.838Z
6045089,2023-11-24T12:58:25.122Z
6045135,2023-11-24T12:56:13.364Z
6011867,2023-11-24T12:55:31.977Z
5911128,2023-11-24T12:53:44.763Z
6044352,2023-11-24T12:45:56.487Z
6044939,2023-11-24T12:45:42.498Z
6039891,2023-11-24T12:45:29.544Z
6044049,2023-11-24T12:45:13.490Z
5794671,2023-11-24T12:44:59.845Z
5937994,2023-11-24T12:43:43.204Z
6044896,2023-11-24T12:39:17.041Z
6044928,2023-11-24T12:36:51.499Z
6044689,2023-11-24T12:36:18.038Z
6044753,2023-11-24T12:30:36.629Z
6040891,2023-11-24T12:25:19.855Z
6041479,2023-11-24T12:22:47.314Z
6044696,2023-11-24T12:21:14.137Z
6004065,2023-11-24T12:17:47.316Z
5682277,2023-11-24T12:16:36.081Z
6004033,2023-11-24T12:15:02.681Z
6044319,2023-11-24T12:13:50.667Z
6048600,2023-11-24T19:38:10.366Z
6049291,2023-11-24T19:34:54.955Z
6016046,2023-11-24T18:56:57.823Z
6045918,2023-11-24T14:11:36.461Z
6045361,2023-11-24T13:38:34.951Z
6048878,2023-11-24T18:51:12.968Z
6045122,2023-11-24T15:11:20.348Z
6045696,2023-11-24T13:53:48.071Z
6051811,2023-11-25T02:10:43.590Z
6051736,2023-11-25T02:09:15.099Z
6051725,2023-11-25T02:06:44.460Z
6051722,2023-11-25T02:04:50.411Z
6051721,2023-11-25T02:02:30.129Z
5266758,2023-11-25T00:20:39.507Z
6051059,2023-11-24T23:41:19.402Z
6051051,2023-11-24T23:25:43.132Z
6049214,2023-11-24T23:07:51.336Z
6050945,2023-11-24T23:03:13.588Z
6050934,2023-11-24T22:44:08.732Z
6050832,2023-11-24T22:21:51.678Z
5994103,2023-11-24T22:21:51.129Z
6050737,2023-11-24T22:05:38.131Z
5969293,2023-11-24T21:58:31.777Z
6050723,2023-11-24T21:56:16.140Z
6050710,2023-11-24T21:54:43.788Z
6050702,2023-11-24T21:52:59.880Z
6050692,2023-11-24T21:52:36.532Z
6050697,2023-11-24T21:52:21.979Z
5801158,2023-11-24T21:45:02.888Z
6050688,2023-11-24T21:43:38.703Z
6036478,2023-11-24T21:33:13.749Z
6050541,2023-11-24T21:24:34.303Z
6050324,2023-11-24T21:24:31.562Z
6050553,2023-11-24T21:18:33.564Z
5995404,2023-11-24T21:15:11.691Z
6050531,2023-11-24T21:14:16.122Z
6050520,2023-11-24T21:12:12.736Z
6050393,2023-11-24T21:09:48.301Z
6050395,2023-11-24T21:07:23.754Z
6000194,2023-11-24T21:07:12.859Z
6023703,2023-11-24T21:05:27.573Z
6000283,2023-11-24T21:01:03.012Z
6050366,2023-11-24T20:58:16.958Z
6025475,2023-11-24T20:55:12.332Z
5995698,2023-11-24T20:53:12.521Z
5964003,2023-11-24T20:50:36.169Z
6037896,2023-11-24T20:48:44.997Z
6050280,2023-11-24T20:48:04.124Z
5968624,2023-11-24T20:46:41.128Z
6048389,2023-11-24T20:40:37.534Z
6039125,2023-11-24T20:39:27.359Z
6050026,2023-11-24T20:34:12.854Z
6045511,2023-11-24T20:31:56.897Z
6049895,2023-11-24T20:25:38.762Z
5762833,2023-11-24T20:25:04.076Z
6049694,2023-11-24T20:24:46.587Z
6049947,2023-11-24T20:24:20.916Z
5930514,2023-11-24T20:23:08.857Z
6001192,2023-11-24T20:23:04.954Z
6049846,2023-11-24T20:20:40.798Z
5930329,2023-11-24T20:17:17.749Z
6049629,2023-11-24T20:17:10.075Z
6049848,2023-11-24T20:13:56.692Z
6049847,2023-11-24T20:12:45.429Z
6049652,2023-11-24T20:12:41.317Z
6049881,2023-11-24T20:11:20.579Z
6049533,2023-11-24T20:10:38.211Z
6046337,2023-11-24T20:09:38.991Z
5926468,2023-11-24T20:07:57.586Z
5984813,2023-11-24T20:07:30.819Z
6049702,2023-11-24T20:04:20.376Z
6011888,2023-11-24T19:58:53.219Z
6049662,2023-11-24T19:53:48.212Z
5878899,2023-11-24T23:45:32.027Z
6050597,2023-11-24T21:52:57.804Z
6041009,2023-11-24T20:49:33.575Z
6048661,2023-11-24T18:38:10.892Z
6047253,2023-11-24T21:04:51.085Z
6056169,2023-11-25T19:23:00.512Z
6055175,2023-11-25T16:32:25.640Z
5928148,2023-11-25T14:17:21.684Z
6054037,2023-11-25T13:04:38.943Z
6046440,2023-11-25T12:07:43.929Z
6053721,2023-11-25T12:04:45.100Z
6065544,2023-11-27T13:19:16.441Z
6065677,2023-11-27T13:15:49.418Z
6065810,2023-11-27T13:13:18.357Z
6065175,2023-11-27T13:09:01.846Z
6065763,2023-11-27T13:05:20.073Z
6018645,2023-11-27T12:58:53.481Z
6065528,2023-11-27T12:56:04.455Z
6065250,2023-11-27T12:53:44.064Z
6065374,2023-11-27T12:48:56.516Z
6064978,2023-11-27T12:48:33.575Z
5982553,2023-11-27T12:46:45.028Z
5816630,2023-11-27T12:45:28.792Z
5997254,2023-11-27T12:39:28.230Z
6045420,2023-11-27T12:38:48.593Z
6064809,2023-11-27T12:34:24.931Z
5997080,2023-11-27T12:32:13.227Z
6065144,2023-11-27T12:28:09.819Z
6007715,2023-11-27T12:27:22.866Z
6065103,2023-11-27T12:21:20.267Z
5732331,2023-11-27T12:17:17.290Z
6065027,2023-11-27T12:16:56.915Z
6064869,2023-11-27T12:11:45.668Z
5754329,2023-11-27T12:06:28.775Z
6064354,2023-11-27T12:03:45.102Z
6064803,2023-11-27T12:00:31.161Z
6064838,2023-11-27T11:58:35.640Z
6049040,2023-11-27T11:57:24.191Z
6064703,2023-11-27T11:47:08.536Z
6064680,2023-11-27T11:43:52.946Z
6033810,2023-11-27T11:43:30.290Z
6061486,2023-11-27T11:43:18.820Z
6064559,2023-11-27T11:30:49.423Z
5924300,2023-11-27T11:14:10.684Z
6049347,2023-11-27T11:13:23.512Z
6064278,2023-11-27T10:56:01.680Z
6064329,2023-11-27T10:53:15.205Z
6063596,2023-11-27T08:57:31.337Z
6062692,2023-11-27T04:15:50.827Z
6062533,2023-11-27T01:50:09.825Z
6062455,2023-11-27T01:36:18.827Z
6060841,2023-11-26T15:42:32.348Z
6004840,2023-11-25T20:44:10.209Z
6016739,2023-11-24T11:51:12.867Z
6040622,2023-11-23T21:34:32.862Z
6012918,2023-11-27T12:52:59.093Z
6028866,2023-11-27T12:08:10.812Z
5540374,2023-11-24T22:52:33.596Z
6050524,2023-11-24T21:28:12.508Z
6050273,2023-11-24T20:53:13.610Z
5894769,2023-11-24T20:45:35.623Z
6050079,2023-11-24T20:32:21.321Z
6045667,2023-11-24T20:30:59.802Z
6039751,2023-11-24T20:19:16.874Z
6026701,2023-11-24T19:08:30.161Z
6048640,2023-11-24T18:26:29.043Z
5673931,2023-11-24T17:46:15.505Z
6047987,2023-11-24T17:29:14.326Z
6047833,2023-11-24T17:14:09.971Z
6046283,2023-11-24T14:40:00.313Z
6045715,2023-11-24T14:00:24.462Z
5897854,2023-11-24T13:59:12.810Z
5897543,2023-11-24T13:53:20.011Z
6045644,2023-11-24T13:46:28.051Z
6034365,2023-11-24T13:00:49.315Z
6044946,2023-11-24T12:47:12.971Z
6044900,2023-11-24T12:41:27.540Z
6037590,2023-11-24T12:07:13.203Z
6044098,2023-11-24T12:02:27.124Z
6044332,2023-11-24T11:43:53.259Z
5996677,2023-11-23T23:45:50.154Z
5996661,2023-11-23T23:42:10.735Z
5996679,2023-11-23T23:35:14.797Z
5996672,2023-11-23T23:29:17.906Z
5687330,2023-11-23T21:26:56.962Z
6035275,2023-11-23T20:42:50.394Z
6039771,2023-11-23T20:10:51.543Z
6039693,2023-11-23T19:58:56.426Z
6038891,2023-11-23T19:17:51.125Z
6027733,2023-11-23T18:32:00.686Z
6027072,2023-11-23T18:12:19.462Z
6022728,2023-11-23T17:56:03.116Z
6037486,2023-11-23T17:36:57.301Z
6037086,2023-11-23T17:15:09.566Z
6027994,2023-11-23T16:58:26.260Z
6004231,2023-11-23T15:09:06.390Z
6010162,2023-11-23T14:13:04.406Z
5732128,2023-11-23T13:57:13.371Z
6017662,2023-11-23T13:10:23.344Z
6033656,2023-11-23T13:07:01.027Z
6017306,2023-11-23T13:00:27.519Z
6045701,2023-11-24T13:44:57.287Z
6045504,2023-11-24T13:43:03.648Z
6037723,2023-11-23T17:43:55.097Z
5994383,2023-11-24T22:38:09.157Z
6003787,2023-11-24T22:57:54.738Z
6051148,2023-11-24T23:59:12.802Z
6051084,2023-11-24T23:49:09.140Z
6036773,2023-11-23T16:29:33.542Z
6038001,2023-11-24T17:56:12.387Z
6034656,2023-11-23T13:43:39.758Z
6034643,2023-11-23T13:42:28.260Z
6027716,2023-11-23T13:40:00.352Z
6050540,2023-11-24T21:17:40.386Z
6050036,2023-11-24T20:44:36.069Z
6047683,2023-11-24T17:00:14.802Z
5914311,2023-11-24T16:47:12.080Z
6028294,2023-11-24T11:51:25.050Z
6040428,2023-11-23T22:00:58.721Z
6040447,2023-11-23T21:02:29.146Z
6037273,2023-11-23T17:10:49.320Z
6035760,2023-11-23T14:59:35.470Z
5673298,2023-11-23T14:54:14.066Z
6044393,2023-11-24T18:28:26.552Z
6048586,2023-11-24T18:19:51.942Z
6071228,2023-11-27T19:30:24.155Z
6071220,2023-11-27T19:29:59.265Z
6069234,2023-11-27T19:29:31.639Z
6003459,2023-11-27T19:29:00.467Z
6069347,2023-11-27T19:25:36.365Z
6071005,2023-11-27T19:23:47.515Z
6048509,2023-11-27T19:22:19.413Z
5912624,2023-11-27T19:22:02.810Z
6048218,2023-11-27T19:21:40.115Z
6070851,2023-11-27T19:19:24.020Z
5938205,2023-11-27T19:16:24.434Z
6069489,2023-11-27T19:13:00.771Z
6070845,2023-11-27T19:12:59.212Z
6035908,2023-11-27T19:02:59.581Z
6070724,2023-11-27T19:02:51.731Z
6070596,2023-11-27T19:02:22.273Z
6070583,2023-11-27T18:59:03.581Z
6070718,2023-11-27T18:58:11.794Z
6005530,2023-11-27T18:56:29.771Z
5912045,2023-11-27T18:55:48.015Z
6070531,2023-11-27T18:54:53.139Z
6065520,2023-11-27T18:54:14.256Z
6065921,2023-11-27T18:52:52.688Z
5908855,2023-11-27T18:48:49.886Z
6069315,2023-11-27T18:47:34.521Z
6070526,2023-11-27T18:46:50.623Z
6070242,2023-11-27T18:39:21.848Z
6070466,2023-11-27T18:38:30.841Z
6048593,2023-11-27T18:37:34.255Z
6004255,2023-11-27T18:37:31.728Z
6070277,2023-11-27T18:35:54.856Z
6068908,2023-11-27T18:32:46.410Z
6070111,2023-11-27T18:30:44.942Z
6039761,2023-11-27T18:30:29.404Z
6069979,2023-11-27T18:27:57.701Z
6066720,2023-11-27T18:26:45.727Z
6070039,2023-11-27T18:26:31.305Z
6069926,2023-11-27T18:24:25.060Z
6069916,2023-11-27T18:15:59.942Z
6069977,2023-11-27T18:15:20.069Z
6069614,2023-11-27T18:11:14.529Z
6068460,2023-11-27T18:10:52.344Z
6037268,2023-11-27T18:07:34.302Z
6069799,2023-11-27T18:07:10.936Z
6068610,2023-11-27T18:04:34.850Z
6035768,2023-11-27T18:01:12.338Z
6069716,2023-11-27T17:54:16.511Z
6069085,2023-11-27T17:53:29.000Z
6069574,2023-11-27T17:53:16.240Z
6069380,2023-11-27T17:49:11.708Z
6069531,2023-11-27T17:48:29.167Z
6050390,2023-11-27T17:47:50.114Z
6069559,2023-11-27T17:46:26.269Z
6069295,2023-11-27T17:44:29.757Z
6066980,2023-11-27T17:39:59.209Z
6069257,2023-11-27T17:38:52.590Z
6069345,2023-11-27T17:37:46.332Z
6068881,2023-11-27T17:37:12.969Z
5926089,2023-11-27T17:36:22.105Z
5768085,2023-11-27T17:35:47.787Z
5926926,2023-11-27T17:33:00.870Z
6040337,2023-11-27T17:32:40.839Z
6069055,2023-11-27T17:32:03.217Z
6068930,2023-11-27T17:26:08.064Z
6069093,2023-11-27T17:25:52.031Z
6069259,2023-11-27T17:24:36.967Z
5996036,2023-11-27T17:24:29.874Z
6069277,2023-11-27T17:23:59.746Z
6066557,2023-11-27T17:22:33.926Z
6034026,2023-11-27T17:22:03.170Z
5928866,2023-11-27T17:21:23.263Z
6044705,2023-11-27T17:20:26.904Z
5995569,2023-11-27T17:17:31.087Z
6069020,2023-11-27T17:17:02.620Z
5928536,2023-11-27T17:16:47.964Z
6068844,2023-11-27T17:14:58.870Z
6068825,2023-11-27T17:10:08.294Z
6002081,2023-11-27T17:08:56.697Z
6045949,2023-11-27T17:08:47.011Z
6036986,2023-11-27T17:04:06.636Z
6068687,2023-11-27T17:04:04.098Z
6068900,2023-11-27T17:03:47.710Z
6068845,2023-11-27T16:59:38.705Z
6068889,2023-11-27T16:59:30.145Z
6068639,2023-11-27T16:59:02.934Z
6066300,2023-11-27T16:55:06.845Z
5716502,2023-11-27T16:53:45.311Z
6068211,2023-11-27T16:50:31.866Z
6068803,2023-11-27T16:50:05.744Z
6022174,2023-11-27T16:49:59.038Z
6035044,2023-11-27T16:42:01.924Z
5903447,2023-11-27T16:38:16.596Z
6000418,2023-11-27T16:30:51.257Z
6068443,2023-11-27T16:26:54.859Z
6064688,2023-11-27T16:26:05.329Z
6033602,2023-11-27T16:25:34.931Z
6049156,2023-11-27T16:18:17.908Z
6068308,2023-11-27T16:14:43.873Z
6068288,2023-11-27T16:12:39.835Z
6015080,2023-11-27T16:12:02.198Z
5616923,2023-11-27T16:06:00.106Z
6068148,2023-11-27T16:03:20.065Z
6066054,2023-11-27T15:57:13.476Z
5891557,2023-11-27T15:55:06.322Z
6068036,2023-11-27T15:50:05.811Z
5931954,2023-11-27T15:49:53.850Z
6068124,2023-11-27T15:49:25.461Z
6068030,2023-11-27T15:44:36.911Z
6048352,2023-11-27T15:32:46.511Z
6067618,2023-11-27T15:30:22.136Z
6067824,2023-11-27T15:27:00.611Z
6067837,2023-11-27T15:26:00.957Z
6067653,2023-11-27T15:25:38.412Z
6039779,2023-11-27T15:25:34.392Z
5985936,2023-11-27T15:20:13.392Z
6067412,2023-11-27T15:20:01.328Z
6066983,2023-11-27T15:17:25.020Z
6067611,2023-11-27T15:17:07.432Z
5675718,2023-11-27T15:15:49.272Z
6066442,2023-11-27T15:11:44.744Z
6067474,2023-11-27T15:01:17.251Z
6000931,2023-11-27T14:59:05.723Z
6067433,2023-11-27T14:58:47.273Z
6066535,2023-11-27T14:52:18.636Z
5828806,2023-11-27T14:49:17.917Z
6067054,2023-11-27T14:48:09.112Z
6067025,2023-11-27T14:47:25.685Z
6039366,2023-11-27T14:45:10.106Z
6003032,2023-11-27T14:44:38.810Z
6027413,2023-11-27T14:43:20.324Z
6066697,2023-11-27T14:42:15.187Z
5938135,2023-11-27T14:39:27.018Z
6026174,2023-11-27T14:38:40.949Z
6067026,2023-11-27T14:37:18.307Z
6037447,2023-11-27T14:37:07.539Z
5911956,2023-11-27T14:31:35.773Z
6006052,2023-11-27T14:29:54.700Z
5881677,2023-11-27T14:28:55.516Z
6026389,2023-11-27T14:25:08.945Z
5621162,2023-11-27T14:24:55.196Z
6066561,2023-11-27T14:23:05.358Z
6066629,2023-11-27T14:17:18.126Z
6066421,2023-11-27T14:16:53.080Z
6000047,2023-11-27T14:14:41.974Z
6064282,2023-11-27T14:13:49.759Z
6066499,2023-11-27T14:13:36.618Z
6000735,2023-11-27T14:11:18.964Z
5911911,2023-11-27T14:04:18.494Z
5938252,2023-11-27T14:00:59.791Z
6066291,2023-11-27T13:58:13.805Z
6066459,2023-11-27T13:56:45.569Z
6065075,2023-11-27T13:56:33.863Z
5999521,2023-11-27T13:55:48.766Z
6033590,2023-11-27T13:55:35.082Z
6066454,2023-11-27T13:53:58.665Z
6066436,2023-11-27T13:51:00.334Z
6066025,2023-11-27T13:50:51.730Z
5739707,2023-11-27T13:50:33.162Z
5941314,2023-11-27T13:49:30.640Z
6066364,2023-11-27T13:48:26.894Z
6066227,2023-11-27T13:48:04.223Z
6065571,2023-11-27T13:47:22.398Z
6012309,2023-11-27T13:46:38.244Z
6066289,2023-11-27T13:44:45.104Z
6030627,2023-11-27T13:42:48.712Z
6065940,2023-11-27T13:40:21.673Z
5894691,2023-11-27T13:38:51.690Z
6065800,2023-11-27T13:38:31.575Z
5881739,2023-11-27T13:35:52.185Z
5938482,2023-11-27T13:32:24.562Z
5910831,2023-11-27T13:29:45.989Z
6065953,2023-11-27T13:26:02.858Z
6044739,2023-11-27T13:24:03.814Z
6065983,2023-11-27T13:22:50.231Z
6065674,2023-11-27T13:22:33.041Z
5996709,2023-11-27T13:20:55.825Z
6040176,2023-11-27T13:07:47.865Z
6028203,2023-11-27T18:22:56.376Z
6050334,2023-11-27T17:56:35.625Z
6008601,2023-11-27T17:51:40.188Z
6067992,2023-11-27T17:35:13.587Z
6065614,2023-11-27T14:18:29.989Z
6003521,2023-11-27T19:26:40.389Z
6071194,2023-11-27T19:23:49.574Z
6071182,2023-11-27T19:22:24.846Z
6070767,2023-11-27T19:18:21.310Z
5930102,2023-11-27T19:29:03.448Z
5930111,2023-11-27T19:27:47.793Z
6071138,2023-11-27T19:19:59.705Z
6070825,2023-11-27T19:15:28.195Z
6010428,2023-11-27T18:39:36.579Z
6070214,2023-11-27T18:26:50.371Z
6066542,2023-11-27T18:13:37.692Z
6067465,2023-11-27T17:28:38.355Z
6045478,2023-11-27T17:09:26.535Z
6025777,2023-11-27T16:10:48.970Z
6025779,2023-11-27T16:04:24.369Z
6006492,2023-11-27T14:56:10.049Z
6046603,2023-11-27T14:52:00.274Z
6066510,2023-11-27T14:41:43.033Z
6032884,2023-11-27T14:33:57.815Z
6070985,2023-11-27T19:17:28.232Z
6069049,2023-11-27T17:21:17.028Z
6048578,2023-11-27T17:19:58.833Z
6065963,2023-11-27T13:23:34.991Z
6070623,2023-11-27T18:56:26.149Z
6070369,2023-11-27T18:36:18.137Z
6006455,2023-11-27T19:09:53.250Z
6006529,2023-11-27T19:05:25.185Z
6049863,2023-11-27T16:24:06.815Z
